{
 "name": "沙龙拓展集合包0.5公开版",
 "version": "1.1.0",
 "styleFileList": [],
 "scriptFileList_earlyload": [
  "earlyload.js"
 ],
 "scriptFileList_inject_early": [
  "SimpleCryptWrapper.js"
 ],
 "scriptFileList_preload": [],
 "scriptFileList": [],
 "tweeFileList": [],
 "imgFileList": [],
 "imgFileReplaceList": [],
 "additionFile": [
  "README.md",
  "passwordHintFile.txt"
 ],
 "additionBinaryFile": [
  "沙龙拓展集合包（0.5版）.mod.zip.crypt",
  "沙龙拓展集合包（0.5版）.mod.zip.salt",
  "沙龙拓展集合包（0.5版）.mod.zip.nonce"
 ],
 "addonPlugin": [],
 "dependenceInfo": [
  {
   "modName": "ModLoader",
   "version": "^2.5.1"
  },
  {
   "modName": "SweetAlert2Mod",
   "version": "^1.0.0"
  }
 ]
}